Gene,Non-unique Gene name,Annotation,MGYG000304142,MGYG000303700
group_419,,hypothetical protein,MGYG000304142_00583,MGYG000303700_00027
group_418,,hypothetical protein,MGYG000304142_00581,MGYG000303700_00542
group_417,,hypothetical protein,MGYG000304142_00667,MGYG000303700_00620
group_416,,hypothetical protein,MGYG000304142_00653,MGYG000303700_00015
group_415,,hypothetical protein,MGYG000304142_00580,MGYG000303700_00541
group_414,,hypothetical protein,MGYG000304142_00471,MGYG000303700_00479
group_413,,hypothetical protein,MGYG000304142_00666,MGYG000303700_00619
group_412,,hypothetical protein,MGYG000304142_00481;MGYG000304142_00480,MGYG000303700_00637
group_411,,hypothetical protein,MGYG000304142_00513,MGYG000303700_00001
group_410,,hypothetical protein,MGYG000304142_00479,MGYG000303700_00636
group_409,,hypothetical protein,MGYG000304142_00050,MGYG000303700_00100
valS,;valS,hypothetical protein;Valine--tRNA ligase,MGYG000304142_00635,MGYG000303700_00579
dnaG,dnaG,DNA primase,MGYG000304142_00692,MGYG000303700_00558
group_408,,putative CtpA-like serine protease,MGYG000304142_00489,MGYG000303700_00645
group_407,,hypothetical protein,MGYG000304142_00130,MGYG000303700_00172
group_406,,hypothetical protein,MGYG000304142_00485,MGYG000303700_00641
group_405,,hypothetical protein,MGYG000304142_00483,MGYG000303700_00639
group_404,,hypothetical protein,MGYG000304142_00686,MGYG000303700_00627
arnC,arnC,Undecaprenyl-phosphate 4-deoxy-4-formamido-L-arabinose transferase,MGYG000304142_00562,MGYG000303700_00522
group_403,,hypothetical protein,MGYG000304142_00019,MGYG000303700_00072
group_402,,hypothetical protein,MGYG000304142_00017,MGYG000303700_00070
group_401,,hypothetical protein,MGYG000304142_00604,MGYG000303700_00051
group_400,,hypothetical protein,MGYG000304142_00523,MGYG000303700_00009
group_399,,hypothetical protein,MGYG000304142_00198,MGYG000303700_00240
group_398,,hypothetical protein,MGYG000304142_00196,MGYG000303700_00238
group_397,,hypothetical protein,MGYG000304142_00514,MGYG000303700_00002
group_396,,hypothetical protein,MGYG000304142_00132,MGYG000303700_00174
group_395,,hypothetical protein,MGYG000304142_00011,MGYG000303700_00063
group_394,,hypothetical protein,MGYG000304142_00572,MGYG000303700_00533
sipT,sipT,Signal peptidase I T,MGYG000304142_00490,MGYG000303700_00646
group_393,,hypothetical protein,MGYG000304142_00025;MGYG000304142_00026,MGYG000303700_00078
group_392,,hypothetical protein,MGYG000304142_00451,MGYG000303700_00459
group_391,,hypothetical protein,MGYG000304142_00478,MGYG000303700_00635
prmC,prmC,Release factor glutamine methyltransferase,MGYG000304142_00494,MGYG000303700_00650
xseA,xseA,Exodeoxyribonuclease 7 large subunit,MGYG000304142_00317,MGYG000303700_00323
group_390,,hypothetical protein,MGYG000304142_00082,MGYG000303700_00124
group_389,,hypothetical protein,MGYG000304142_00426,MGYG000303700_00434
group_388,,hypothetical protein,MGYG000304142_00493,MGYG000303700_00649
group_387,,hypothetical protein,MGYG000304142_00486,MGYG000303700_00642
group_386,,hypothetical protein,MGYG000304142_00454,MGYG000303700_00462
group_385,,hypothetical protein,MGYG000304142_00556,MGYG000303700_00515
group_384,,hypothetical protein,MGYG000304142_00072,MGYG000303700_00115
group_383,,hypothetical protein,MGYG000304142_00244,MGYG000303700_00287
group_382,,hypothetical protein,MGYG000304142_00507,MGYG000303700_00664
group_381,,hypothetical protein,MGYG000304142_00179,MGYG000303700_00221
group_380,,hypothetical protein,MGYG000304142_00505,MGYG000303700_00661
adk_1~~~adk_2,adk_1;adk_2,Adenylate kinase,MGYG000304142_00441,MGYG000303700_00449
group_379,,hypothetical protein,MGYG000304142_00014,MGYG000303700_00067
group_378,,hypothetical protein,MGYG000304142_00619,MGYG000303700_00601
group_377,,hypothetical protein,MGYG000304142_00595,MGYG000303700_00040
group_376,,hypothetical protein,MGYG000304142_00406,MGYG000303700_00414
group_375,,hypothetical protein,MGYG000304142_00395,MGYG000303700_00401
group_374,,hypothetical protein,MGYG000304142_00326,MGYG000303700_00332
group_373,,hypothetical protein,MGYG000304142_00632,MGYG000303700_00582
group_372,,hypothetical protein,MGYG000304142_00217,MGYG000303700_00260
group_371,,hypothetical protein,MGYG000304142_00049,MGYG000303700_00099
group_370,,hypothetical protein,MGYG000304142_00047,MGYG000303700_00097
group_369,,hypothetical protein,MGYG000304142_00039,MGYG000303700_00088
group_368,,hypothetical protein,MGYG000304142_00037,MGYG000303700_00086
group_367,,hypothetical protein,MGYG000304142_00206,MGYG000303700_00249
group_366,,hypothetical protein,MGYG000304142_00701,MGYG000303700_00549
sigA_1,sigA_1,RNA polymerase sigma factor SigA,MGYG000304142_00634,MGYG000303700_00580
group_365,,hypothetical protein,0_refound_2,MGYG000303700_00564
group_362,,hypothetical protein,MGYG000304142_00128,MGYG000303700_00170
rpmH,rpmH,50S ribosomal protein L34,0_refound_1,MGYG000303700_00526
group_361,,hypothetical protein,MGYG000304142_00325,MGYG000303700_00331
group_360,,hypothetical protein,MGYG000304142_00331,MGYG000303700_00337
group_359,,hypothetical protein,MGYG000304142_00176,MGYG000303700_00218
group_358,,hypothetical protein,0_refound_0_stop,MGYG000303700_00242
group_356,,hypothetical protein,MGYG000304142_00605,MGYG000303700_00052
group_354,,hypothetical protein,MGYG000304142_00615,MGYG000303700_00605
rpsR,rpsR,30S ribosomal protein S18,MGYG000304142_00465,MGYG000303700_00473
group_353,,hypothetical protein,MGYG000304142_00262,MGYG000303700_00305
group_352,,hypothetical protein,MGYG000304142_00446,MGYG000303700_00454
group_351,,hypothetical protein,MGYG000304142_00411,MGYG000303700_00419
group_350,,hypothetical protein,MGYG000304142_00092,MGYG000303700_00134
group_349,,hypothetical protein,MGYG000304142_00210,MGYG000303700_00253
group_347,,hypothetical protein,MGYG000304142_00498,MGYG000303700_00654
group_346,,hypothetical protein,MGYG000304142_00546,MGYG000303700_00505
group_345,,hypothetical protein,MGYG000304142_00105,MGYG000303700_00147
group_344,,hypothetical protein,MGYG000304142_00654,MGYG000303700_00017
group_343,,hypothetical protein,MGYG000304142_00390,MGYG000303700_00396
group_342,,hypothetical protein,MGYG000304142_00630,MGYG000303700_00584
xseB,xseB,Exodeoxyribonuclease 7 small subunit,MGYG000304142_00316,MGYG000303700_00322
group_341,,hypothetical protein,MGYG000304142_00482,MGYG000303700_00638
group_339,,hypothetical protein,MGYG000304142_00693,MGYG000303700_00557
secE,secE,Protein translocase subunit SecE,MGYG000304142_00168,MGYG000303700_00210
group_337,,hypothetical protein,MGYG000304142_00096,MGYG000303700_00138
group_335,,hypothetical protein,MGYG000304142_00458,MGYG000303700_00466
rpsS,rpsS,30S ribosomal protein S19,MGYG000304142_00155,MGYG000303700_00197
group_331,,hypothetical protein,MGYG000304142_00617,1_refound_3
group_330,,hypothetical protein,MGYG000304142_00468,MGYG000303700_00476
group_328,,hypothetical protein,MGYG000304142_00253,MGYG000303700_00296
group_327,,hypothetical protein,MGYG000304142_00108,MGYG000303700_00150
groS,groS,10 kDa chaperonin,MGYG000304142_00578,MGYG000303700_00539
group_326,,hypothetical protein,MGYG000304142_00261,MGYG000303700_00304
rpsN2,rpsN2,Alternate 30S ribosomal protein S14,MGYG000304142_00146,MGYG000303700_00188
group_325,,hypothetical protein,MGYG000304142_00488,MGYG000303700_00644
group_324,,hypothetical protein,MGYG000304142_00320,MGYG000303700_00326
rpsO,rpsO,30S ribosomal protein S15,MGYG000304142_00371,MGYG000303700_00377
group_323,,hypothetical protein,MGYG000304142_00567,MGYG000303700_00528
infA,infA,Translation initiation factor IF-1,MGYG000304142_00129,MGYG000303700_00171
yafQ,yafQ,mRNA interferase toxin YafQ,MGYG000304142_00502,MGYG000303700_00658
group_322,,hypothetical protein,MGYG000304142_00545,MGYG000303700_00504
gatC,gatC,Aspartyl/glutamyl-tRNA(Asn/Gln) amidotransferase subunit C,MGYG000304142_00234,MGYG000303700_00277
group_320,,hypothetical protein,MGYG000304142_00333,MGYG000303700_00339
group_319,,hypothetical protein,MGYG000304142_00177,MGYG000303700_00219
group_318,,hypothetical protein,MGYG000304142_00526,MGYG000303700_00013
group_317,,hypothetical protein,MGYG000304142_00229,MGYG000303700_00272
group_315,,hypothetical protein,MGYG000304142_00503,MGYG000303700_00659
rplX,rplX,50S ribosomal protein L24,MGYG000304142_00148,MGYG000303700_00190
ybaB,ybaB,Nucleoid-associated protein YbaB,MGYG000304142_00086,MGYG000303700_00128
group_314,,hypothetical protein,MGYG000304142_00504,MGYG000303700_00660
rplU,rplU,50S ribosomal protein L21,MGYG000304142_00594,MGYG000303700_00039
group_312,,hypothetical protein,MGYG000304142_00157,MGYG000303700_00199
group_311,,hypothetical protein,MGYG000304142_00151,MGYG000303700_00193
group_310,,hypothetical protein,MGYG000304142_00061,MGYG000303700_00106
rpsJ,rpsJ,30S ribosomal protein S10,MGYG000304142_00073,MGYG000303700_00116
group_307,,hypothetical protein,MGYG000304142_00484,MGYG000303700_00640
group_306,,hypothetical protein,MGYG000304142_00228,MGYG000303700_00271
group_305,,hypothetical protein,MGYG000304142_00690,MGYG000303700_00560
group_300,,hypothetical protein,MGYG000304142_00636,MGYG000303700_00563
group_295,,hypothetical protein,MGYG000304142_00150,MGYG000303700_00192
group_294,,hypothetical protein,MGYG000304142_00696,MGYG000303700_00554
rpsP,rpsP,30S ribosomal protein S16,MGYG000304142_00273,MGYG000303700_00316
rplR,rplR,50S ribosomal protein L18,MGYG000304142_00143,MGYG000303700_00185
group_291,,hypothetical protein,MGYG000304142_00700,MGYG000303700_00550
rplT,rplT,50S ribosomal protein L20,MGYG000304142_00616,MGYG000303700_00604
rnpA,rnpA,Ribonuclease P protein component,MGYG000304142_00565,MGYG000303700_00525
group_288,,hypothetical protein,MGYG000304142_00496,MGYG000303700_00652
rssB_2,rssB_2,Regulator of RpoS,MGYG000304142_00313,MGYG000303700_00319
group_287,,hypothetical protein,MGYG000304142_00272,MGYG000303700_00315
mraZ,mraZ,Transcriptional regulator MraZ,MGYG000304142_00001,MGYG000303700_00054
rplN,rplN,50S ribosomal protein L14,MGYG000304142_00149,MGYG000303700_00191
group_283,,hypothetical protein,MGYG000304142_00467,MGYG000303700_00475
rplL,rplL,50S ribosomal protein L7/L12,MGYG000304142_00075,MGYG000303700_00118
hpf,hpf,Ribosome hibernation promoting factor,MGYG000304142_00040,MGYG000303700_00089
group_282,,hypothetical protein,MGYG000304142_00003,MGYG000303700_00056
group_281,,hypothetical protein,MGYG000304142_00530,MGYG000303700_00489
group_279,,hypothetical protein,MGYG000304142_00435,MGYG000303700_00443
group_278,,hypothetical protein,MGYG000304142_00377,MGYG000303700_00383
rpsM,rpsM,30S ribosomal protein S13,MGYG000304142_00127,MGYG000303700_00169
group_277,,hypothetical protein,MGYG000304142_00687,MGYG000303700_00626
walR,walR,Transcriptional regulatory protein WalR,MGYG000304142_00410,MGYG000303700_00418
group_276,,hypothetical protein,MGYG000304142_00389,MGYG000303700_00395
group_275,,hypothetical protein,MGYG000304142_00646,MGYG000303700_00574
group_274,,hypothetical protein,MGYG000304142_00193,MGYG000303700_00235
mtrA,mtrA,DNA-binding response regulator MtrA,MGYG000304142_00321,MGYG000303700_00327
rpsI,rpsI,30S ribosomal protein S9,MGYG000304142_00121,MGYG000303700_00163
group_273,,hypothetical protein,MGYG000304142_00543,MGYG000303700_00502
rpsH,rpsH,30S ribosomal protein S8,MGYG000304142_00145,MGYG000303700_00187
group_271,,hypothetical protein,MGYG000304142_00611,MGYG000303700_00610
group_270,,hypothetical protein,MGYG000304142_00016,MGYG000303700_00069
group_268,,hypothetical protein,MGYG000304142_00699,MGYG000303700_00551
rpsL,rpsL,30S ribosomal protein S12,MGYG000304142_00190,MGYG000303700_00232
rplP,rplP,50S ribosomal protein L16,MGYG000304142_00152,MGYG000303700_00194
rplQ,rplQ,50S ribosomal protein L17,MGYG000304142_00123,MGYG000303700_00165
tsaE,tsaE,tRNA threonylcarbamoyladenosine biosynthesis protein TsaE,MGYG000304142_00536,MGYG000303700_00495
rpsK,rpsK,30S ribosomal protein S11,MGYG000304142_00126,MGYG000303700_00168
group_267,,hypothetical protein,MGYG000304142_00055,MGYG000303700_00103
group_266,,hypothetical protein,MGYG000304142_00428,MGYG000303700_00436
group_265,,hypothetical protein,MGYG000304142_00154,MGYG000303700_00196
group_264,,hypothetical protein,MGYG000304142_00588,MGYG000303700_00030
group_263,,hypothetical protein,MGYG000304142_00170,MGYG000303700_00212
rplM,rplM,50S ribosomal protein L13,MGYG000304142_00122,MGYG000303700_00164
group_262,,hypothetical protein,MGYG000304142_00232,MGYG000303700_00275
rplK,rplK,50S ribosomal protein L11,MGYG000304142_00166,MGYG000303700_00208
group_261,,hypothetical protein,MGYG000304142_00162,MGYG000303700_00204
group_260,,Single-stranded DNA-binding protein,MGYG000304142_00466,MGYG000303700_00474
rlmH,rlmH,Ribosomal RNA large subunit methyltransferase H,MGYG000304142_00647,MGYG000303700_00575
group_256,,hypothetical protein,MGYG000304142_00587,MGYG000303700_00029
yqgF,yqgF,Putative pre-16S rRNA nuclease,MGYG000304142_00363,MGYG000303700_00369
group_252,,hypothetical protein,MGYG000304142_00697,MGYG000303700_00553
group_251,,hypothetical protein,MGYG000304142_00424,MGYG000303700_00432
group_250,,hypothetical protein,MGYG000304142_00671,MGYG000303700_00482
yqeY,yqeY,putative protein YqeY,MGYG000304142_00656,MGYG000303700_00019
group_249,,hypothetical protein,MGYG000304142_00161,MGYG000303700_00203
rpiB,rpiB,Ribose-5-phosphate isomerase B,MGYG000304142_00242,MGYG000303700_00285
greA,greA,Transcription elongation factor GreA,MGYG000304142_00602,MGYG000303700_00049
group_248,,hypothetical protein,MGYG000304142_00224,MGYG000303700_00267
group_247,,hypothetical protein,MGYG000304142_00020,MGYG000303700_00073
group_246,,hypothetical protein,MGYG000304142_00199,MGYG000303700_00241
group_245,,hypothetical protein,MGYG000304142_00563,MGYG000303700_00523
group_244,,hypothetical protein,MGYG000304142_00550,MGYG000303700_00509
nrdR,nrdR,Transcriptional repressor NrdR,MGYG000304142_00109,MGYG000303700_00151
rnhA,rnhA,Ribonuclease HI,MGYG000304142_00173,MGYG000303700_00215
group_241,,hypothetical protein,MGYG000304142_00628,MGYG000303700_00586
infC,infC,Translation initiation factor IF-3,MGYG000304142_00614,MGYG000303700_00606
rplO,rplO,50S ribosomal protein L15,MGYG000304142_00141,MGYG000303700_00183
group_240,,hypothetical protein,MGYG000304142_00610,MGYG000303700_00611
group_239,,hypothetical protein,MGYG000304142_00542,MGYG000303700_00501
grpE,grpE,Protein GrpE,MGYG000304142_00375,MGYG000303700_00381
rpsG,rpsG,30S ribosomal protein S7,MGYG000304142_00189,MGYG000303700_00231
group_238,,hypothetical protein,MGYG000304142_00015,MGYG000303700_00068
group_236,,hypothetical protein,MGYG000304142_00160,MGYG000303700_00202
nusB,nusB,Transcription antitermination protein NusB,MGYG000304142_00324,MGYG000303700_00330
group_235,,hypothetical protein,MGYG000304142_00194,MGYG000303700_00236
group_234,,hypothetical protein,MGYG000304142_00698,MGYG000303700_00552
group_233,,hypothetical protein,MGYG000304142_00098,MGYG000303700_00140
group_232,,hypothetical protein,MGYG000304142_00639,MGYG000303700_00567
group_231,,hypothetical protein,MGYG000304142_00637,MGYG000303700_00565
group_229,,hypothetical protein,MGYG000304142_00018,MGYG000303700_00071
group_228,,hypothetical protein,MGYG000304142_00606,MGYG000303700_00615
smpB,smpB,SsrA-binding protein,MGYG000304142_00258,MGYG000303700_00301
group_227,,hypothetical protein,MGYG000304142_00624,MGYG000303700_00589
ruvC,ruvC,Crossover junction endodeoxyribonuclease RuvC,MGYG000304142_00538,MGYG000303700_00497
nrdG,nrdG,Anaerobic ribonucleoside-triphosphate reductase-activating protein,MGYG000304142_00420,MGYG000303700_00428
rplJ,rplJ,50S ribosomal protein L10,MGYG000304142_00076,MGYG000303700_00119
group_224,,hypothetical protein,MGYG000304142_00378,MGYG000303700_00384
ppa,ppa,Inorganic pyrophosphatase,MGYG000304142_00246,MGYG000303700_00289
group_223,,hypothetical protein,MGYG000304142_00175,MGYG000303700_00217
group_222,,hypothetical protein,MGYG000304142_00057,MGYG000303700_00104
orn,orn,Oligoribonuclease,MGYG000304142_00689,MGYG000303700_00561
rplF,rplF,50S ribosomal protein L6,MGYG000304142_00144,MGYG000303700_00186
group_219,,hypothetical protein,MGYG000304142_00473,MGYG000303700_00630
nusG,nusG,Transcription termination/antitermination protein NusG,MGYG000304142_00167,MGYG000303700_00209
frr,frr,Ribosome-recycling factor,MGYG000304142_00597,MGYG000303700_00044
ptpA,ptpA,putative low molecular weight protein-tyrosine-phosphatase,MGYG000304142_00043,MGYG000303700_00092
trmH,trmH,tRNA (guanosine(18)-2'-O)-methyltransferase,MGYG000304142_00226,MGYG000303700_00269
group_217,,hypothetical protein,MGYG000304142_00475,MGYG000303700_00632
group_216,,hypothetical protein,MGYG000304142_00474,MGYG000303700_00631
group_213,,hypothetical protein,MGYG000304142_00211,MGYG000303700_00254
group_212,,hypothetical protein,MGYG000304142_00603,MGYG000303700_00050
efp,efp,Elongation factor P,MGYG000304142_00464,MGYG000303700_00472
ruvA,ruvA,Holliday junction ATP-dependent DNA helicase RuvA,MGYG000304142_00539,MGYG000303700_00498
udg,udg,Type-4 uracil-DNA glycosylase,MGYG000304142_00366,MGYG000303700_00372
group_209,,hypothetical protein,MGYG000304142_00522,MGYG000303700_00008
group_208,,hypothetical protein,MGYG000304142_00533,MGYG000303700_00492
group_207,,hypothetical protein,MGYG000304142_00429,MGYG000303700_00437
adk_2,adk_2,Adenylate kinase,MGYG000304142_00657,MGYG000303700_00020
group_206,,hypothetical protein,MGYG000304142_00195,MGYG000303700_00237
group_205,,hypothetical protein,MGYG000304142_00107,MGYG000303700_00149
pth,pth,Peptidyl-tRNA hydrolase,MGYG000304142_00192,MGYG000303700_00234
rplE,rplE,50S ribosomal protein L5,MGYG000304142_00147,MGYG000303700_00189
group_204,,hypothetical protein,MGYG000304142_00106,MGYG000303700_00148
group_202,,hypothetical protein,MGYG000304142_00660,MGYG000303700_00023
group_201,,hypothetical protein,MGYG000304142_00541,MGYG000303700_00500
lemA,lemA,Protein LemA,MGYG000304142_00336,MGYG000303700_00342
rplD,rplD,50S ribosomal protein L4,MGYG000304142_00158,MGYG000303700_00200
group_200,,hypothetical protein,MGYG000304142_00622,MGYG000303700_00591
recX,recX,Regulatory protein RecX,MGYG000304142_00532,MGYG000303700_00491
tsf,tsf,Elongation factor Ts,MGYG000304142_00520,MGYG000303700_00006
group_199,,hypothetical protein,MGYG000304142_00642,MGYG000303700_00570
group_198,,hypothetical protein,MGYG000304142_00399,MGYG000303700_00405
rpsD,rpsD,30S ribosomal protein S4,MGYG000304142_00125,MGYG000303700_00167
group_196,,hypothetical protein,MGYG000304142_00249,MGYG000303700_00292
group_195,,hypothetical protein,MGYG000304142_00099,MGYG000303700_00141
clpP,clpP,ATP-dependent Clp protease proteolytic subunit,MGYG000304142_00342,MGYG000303700_00348
group_194,,hypothetical protein,MGYG000304142_00252,MGYG000303700_00295
recR,recR,Recombination protein RecR,MGYG000304142_00085,MGYG000303700_00127
group_193,,hypothetical protein,MGYG000304142_00084,MGYG000303700_00126
rpsC,rpsC,30S ribosomal protein S3,MGYG000304142_00153,MGYG000303700_00195
group_192,,hypothetical protein,MGYG000304142_00631,MGYG000303700_00583
gpmA,gpmA,23-bisphosphoglycerate-dependent phosphoglycerate mutase,MGYG000304142_00386,MGYG000303700_00392
group_191,,hypothetical protein,MGYG000304142_00662,MGYG000303700_00025
def,def,Peptide deformylase,MGYG000304142_00593,MGYG000303700_00038
group_190,,hypothetical protein,MGYG000304142_00385,MGYG000303700_00391
group_189,,hypothetical protein,MGYG000304142_00214,MGYG000303700_00257
group_188,,hypothetical protein,MGYG000304142_00589,MGYG000303700_00031
group_187,,hypothetical protein,MGYG000304142_00268,MGYG000303700_00311
group_186,,hypothetical protein,MGYG000304142_00265,MGYG000303700_00308
rplC,rplC,50S ribosomal protein L3,MGYG000304142_00159,MGYG000303700_00201
group_185,,hypothetical protein,MGYG000304142_00142,MGYG000303700_00184
group_183,,hypothetical protein,MGYG000304142_00680,MGYG000303700_00598
group_182,,hypothetical protein,MGYG000304142_00679,MGYG000303700_00599
group_181,,hypothetical protein,MGYG000304142_00323,MGYG000303700_00329
group_180,,hypothetical protein,MGYG000304142_00117,MGYG000303700_00159
group_179,,hypothetical protein,MGYG000304142_00559,MGYG000303700_00518
group_178,,hypothetical protein,MGYG000304142_00525,MGYG000303700_00012
group_177,,hypothetical protein,MGYG000304142_00104,MGYG000303700_00146
group_175,,hypothetical protein,MGYG000304142_00351,MGYG000303700_00357
group_174,,hypothetical protein,MGYG000304142_00241,MGYG000303700_00284
group_173,,hypothetical protein,MGYG000304142_00201,MGYG000303700_00244
group_172,,hypothetical protein,MGYG000304142_00235,MGYG000303700_00278
group_171,,hypothetical protein,MGYG000304142_00476,MGYG000303700_00633
aas,aas,Bifunctional protein Aas,MGYG000304142_00368,MGYG000303700_00374
group_170,,putative ABC transporter ATP-binding protein,MGYG000304142_00422,MGYG000303700_00430
group_169,,hypothetical protein,MGYG000304142_00394,MGYG000303700_00400
trmB,trmB,tRNA (guanine-N(7)-)-methyltransferase,MGYG000304142_00548,MGYG000303700_00507
truB,truB,tRNA pseudouridine synthase B,MGYG000304142_00534,MGYG000303700_00493
group_168,,hypothetical protein,MGYG000304142_00547,MGYG000303700_00506
yknY_1,yknY_1,putative ABC transporter ATP-binding protein YknY,MGYG000304142_00046,MGYG000303700_00095
lolD,lolD,Lipoprotein-releasing system ATP-binding protein LolD,MGYG000304142_00590,MGYG000303700_00032
group_167,,hypothetical protein,MGYG000304142_00315,MGYG000303700_00321
group_166,,hypothetical protein,MGYG000304142_00209,MGYG000303700_00252
group_165,,hypothetical protein,MGYG000304142_00197,MGYG000303700_00239
recO,recO,DNA repair protein RecO,MGYG000304142_00312,MGYG000303700_00318
rluB,rluB,Ribosomal large subunit pseudouridine synthase B,MGYG000304142_00140,MGYG000303700_00182
group_164,,hypothetical protein,MGYG000304142_00314,MGYG000303700_00320
uppS,uppS,Ditranspolycis-undecaprenyl-diphosphate synthase ((2E6E)-farnesyl-diphosphate specific),MGYG000304142_00598,MGYG000303700_00045
group_162,,hypothetical protein,MGYG000304142_00349,MGYG000303700_00355
group_161,,hypothetical protein,MGYG000304142_00379,MGYG000303700_00385
group_160,,hypothetical protein,MGYG000304142_00659,MGYG000303700_00022
group_159,,hypothetical protein,MGYG000304142_00431,MGYG000303700_00439
group_158,,hypothetical protein,MGYG000304142_00459,MGYG000303700_00467
trmD,trmD,tRNA (guanine-N(1)-)-methyltransferase,MGYG000304142_00271,MGYG000303700_00314
ftsE,ftsE,Cell division ATP-binding protein FtsE,MGYG000304142_00515,MGYG000303700_00003
group_157,,putative transcriptional regulatory protein/MSMEI_2866,MGYG000304142_00436,MGYG000303700_00444
group_156,,hypothetical protein,MGYG000304142_00247,MGYG000303700_00290
rpsB,rpsB,30S ribosomal protein S2,MGYG000304142_00519,MGYG000303700_00005
group_155,,hypothetical protein,MGYG000304142_00133,MGYG000303700_00175
group_154,,hypothetical protein,MGYG000304142_00010,MGYG000303700_00062
hrcA,hrcA,Heat-inducible transcription repressor HrcA,MGYG000304142_00376,MGYG000303700_00382
tlyA,tlyA,Hemolysin A,MGYG000304142_00463,MGYG000303700_00471
lnrL,lnrL,Linearmycin resistance ATP-binding protein LnrL,MGYG000304142_00381,MGYG000303700_00387
group_153,,hypothetical protein,MGYG000304142_00640,MGYG000303700_00568
group_152,,hypothetical protein,MGYG000304142_00573,MGYG000303700_00534
group_150,,hypothetical protein,MGYG000304142_00694,MGYG000303700_00556
tpiA,tpiA,Triosephosphate isomerase,MGYG000304142_00407,MGYG000303700_00415
group_149,,hypothetical protein,MGYG000304142_00369,MGYG000303700_00375
map,map,Methionine aminopeptidase 1,MGYG000304142_00658,MGYG000303700_00021
group_147,,hypothetical protein,MGYG000304142_00090,MGYG000303700_00132
group_146,,hypothetical protein,MGYG000304142_00511,MGYG000303700_00668
soj,soj,Sporulation initiation inhibitor protein Soj,MGYG000304142_00509,MGYG000303700_00666
group_145,,hypothetical protein,MGYG000304142_00256,MGYG000303700_00299
ycfH,ycfH,putative metal-dependent hydrolase YcfH,MGYG000304142_00401,MGYG000303700_00407
exoA,exoA,Exodeoxyribonuclease,MGYG000304142_00257,MGYG000303700_00300
group_144,,hypothetical protein,MGYG000304142_00661,MGYG000303700_00024
yknY_2,yknY_2,putative ABC transporter ATP-binding protein YknY,MGYG000304142_00571,MGYG000303700_00532
uppP,uppP,Undecaprenyl-diphosphatase,MGYG000304142_00269,MGYG000303700_00312
group_141,,hypothetical protein,MGYG000304142_00600,MGYG000303700_00047
rnc,rnc,Ribonuclease 3,MGYG000304142_00322,MGYG000303700_00328
group_140,,hypothetical protein,MGYG000304142_00174,MGYG000303700_00216
group_139,,hypothetical protein,MGYG000304142_00034,MGYG000303700_00083
folD,folD,Bifunctional protein FolD protein,MGYG000304142_00413,MGYG000303700_00421
group_138,,hypothetical protein,MGYG000304142_00382,MGYG000303700_00388
group_137,,hypothetical protein,MGYG000304142_00212,MGYG000303700_00255
htpX,htpX,Protease HtpX,MGYG000304142_00335,MGYG000303700_00341
aptA,aptA,Apulose-4-phosphate transketolase subunit A,MGYG000304142_00240,MGYG000303700_00283
group_136,,hypothetical protein,MGYG000304142_00032,MGYG000303700_00081
group_135,,hypothetical protein,MGYG000304142_00118,MGYG000303700_00160
group_134,,hypothetical protein,MGYG000304142_00521,MGYG000303700_00007
group_133,,hypothetical protein,MGYG000304142_00012,MGYG000303700_00065
group_132,,hypothetical protein,MGYG000304142_00561,MGYG000303700_00520
mscS,mscS,Small-conductance mechanosensitive channel,MGYG000304142_00549,MGYG000303700_00508
rplB,rplB,50S ribosomal protein L2,MGYG000304142_00156,MGYG000303700_00198
group_131,,hypothetical protein,MGYG000304142_00491,MGYG000303700_00647
rsmA,rsmA,Ribosomal RNA small subunit methyltransferase A,MGYG000304142_00403,MGYG000303700_00411
comC,comC,Type 4 prepilin-like proteins leader peptide-processing enzyme,MGYG000304142_00453,MGYG000303700_00461
group_128,,hypothetical protein,MGYG000304142_00191,MGYG000303700_00233
group_127,,hypothetical protein,MGYG000304142_00112,MGYG000303700_00154
group_126,,hypothetical protein,MGYG000304142_00028,MGYG000303700_00080
tilS,tilS,tRNA(Ile)-lysidine synthase,MGYG000304142_00445,MGYG000303700_00453
rluD,rluD,Ribosomal large subunit pseudouridine synthase D,MGYG000304142_00119,MGYG000303700_00161
group_125,,hypothetical protein,MGYG000304142_00035,MGYG000303700_00084
group_124,,hypothetical protein,MGYG000304142_00009,MGYG000303700_00061
mutM,mutM,Formamidopyrimidine-DNA glycosylase,MGYG000304142_00629,MGYG000303700_00585
gtaB,gtaB,UTP--glucose-1-phosphate uridylyltransferase,MGYG000304142_00230,MGYG000303700_00273
group_123,,hypothetical protein,MGYG000304142_00024,MGYG000303700_00077
group_122,,hypothetical protein,MGYG000304142_00383,MGYG000303700_00389
group_121,,hypothetical protein,MGYG000304142_00021,MGYG000303700_00074
group_120,,hypothetical protein,MGYG000304142_00450,MGYG000303700_00458
group_119,,hypothetical protein,MGYG000304142_00618,MGYG000303700_00603
group_118,,hypothetical protein,MGYG000304142_00036,MGYG000303700_00085
fmt,fmt,Methionyl-tRNA formyltransferase,MGYG000304142_00592,MGYG000303700_00037
group_117,,hypothetical protein,MGYG000304142_00094,MGYG000303700_00136
group_116,,hypothetical protein,MGYG000304142_00022,MGYG000303700_00075
noc,noc,Nucleoid occlusion protein,MGYG000304142_00510,MGYG000303700_00667
iolJ,iolJ,6-phospho-5-dehydro-2-deoxy-D-gluconate aldolase,MGYG000304142_00238,MGYG000303700_00281
rsmH,rsmH,Ribosomal RNA small subunit methyltransferase H,MGYG000304142_00002,MGYG000303700_00055
group_115,,hypothetical protein,MGYG000304142_00165,MGYG000303700_00207
yidC,yidC,Membrane protein insertase YidC,MGYG000304142_00564,MGYG000303700_00524
group_114,,hypothetical protein,MGYG000304142_00023,MGYG000303700_00076
group_113,,hypothetical protein,MGYG000304142_00452,MGYG000303700_00460
group_111,,hypothetical protein,MGYG000304142_00575,MGYG000303700_00536
rpoA,rpoA,DNA-directed RNA polymerase subunit alpha,MGYG000304142_00124,MGYG000303700_00166
group_110,,hypothetical protein,MGYG000304142_00027,MGYG000303700_00079
miaA,miaA,tRNA dimethylallyltransferase,MGYG000304142_00681,MGYG000303700_00597
group_109,,Peptidoglycan-N-acetylglucosamine deacetylase,MGYG000304142_00337,MGYG000303700_00343
group_108,,hypothetical protein,MGYG000304142_00033,MGYG000303700_00082
group_107,,hypothetical protein,MGYG000304142_00650,MGYG000303700_00578
group_106,,hypothetical protein,MGYG000304142_00113,MGYG000303700_00155
ldh,ldh,L-lactate dehydrogenase,MGYG000304142_00393,MGYG000303700_00399
group_103,,hypothetical protein,MGYG000304142_00200,MGYG000303700_00243
group_102,,hypothetical protein,MGYG000304142_00469,MGYG000303700_00477
group_101,,hypothetical protein,MGYG000304142_00460,MGYG000303700_00468
trxB,trxB,Thioredoxin reductase,MGYG000304142_00263,MGYG000303700_00306
xerD_2,xerD_2,Tyrosine recombinase XerD,MGYG000304142_00626,MGYG000303700_00587
dus,dus,putative tRNA-dihydrouridine synthase,MGYG000304142_00185,MGYG000303700_00227
rnhB,rnhB,Ribonuclease HII,MGYG000304142_00223,MGYG000303700_00266
aptB,aptB,Apulose-4-phosphate transketolase subunit B,MGYG000304142_00239,MGYG000303700_00282
group_97,,hypothetical protein,MGYG000304142_00497,MGYG000303700_00653
ydjH,ydjH,putative sugar kinase YdjH,MGYG000304142_00237,MGYG000303700_00280
group_96,,hypothetical protein,MGYG000304142_00218,MGYG000303700_00261
ftsX,ftsX,Cell division protein FtsX,MGYG000304142_00516,MGYG000303700_00004
group_95,,hypothetical protein,MGYG000304142_00477,MGYG000303700_00634
clsB,clsB,Cardiolipin synthase B,MGYG000304142_00248,MGYG000303700_00291
group_94,,Gluconeogenesis factor,MGYG000304142_00171,MGYG000303700_00213
lnpD,lnpD,UDP-glucose 4-epimerase,MGYG000304142_00359,MGYG000303700_00365
group_93,,hypothetical protein,MGYG000304142_00183,MGYG000303700_00225
group_92,,hypothetical protein,MGYG000304142_00164,MGYG000303700_00206
recF,recF,DNA replication and repair protein RecF,MGYG000304142_00569,MGYG000303700_00530
gap,gap,Glyceraldehyde-3-phosphate dehydrogenase,MGYG000304142_00243,MGYG000303700_00286
cpoA,cpoA,Alpha-galactosylglucosyldiacylglycerol synthase,MGYG000304142_00259,MGYG000303700_00302
trpS2,trpS2,Tryptophan--tRNA ligase 2,MGYG000304142_00120,MGYG000303700_00162
ruvB_2,ruvB_2,Holliday junction ATP-dependent DNA helicase RuvB,MGYG000304142_00540,MGYG000303700_00499
pheS,pheS,Phenylalanine--tRNA ligase alpha subunit,MGYG000304142_00251,MGYG000303700_00294
rpsA,rpsA,30S ribosomal protein S1,MGYG000304142_00500,MGYG000303700_00656
group_90,,hypothetical protein,MGYG000304142_00461,MGYG000303700_00469
mnmA,mnmA,tRNA-specific 2-thiouridylase MnmA,MGYG000304142_00398,MGYG000303700_00404
nusA,nusA,Transcription termination/antitermination protein NusA,MGYG000304142_00221,MGYG000303700_00264
rpoD,rpoD,RNA polymerase sigma factor RpoD,MGYG000304142_00053,MGYG000303700_00101
mraY,mraY,Phospho-N-acetylmuramoyl-pentapeptide-transferase,MGYG000304142_00005,MGYG000303700_00058
tsaD,tsaD,tRNA N6-adenosine threonylcarbamoyltransferase,MGYG000304142_00649,MGYG000303700_00577
group_89,,hypothetical protein,MGYG000304142_00576,MGYG000303700_00537
recA,recA,Protein RecA,MGYG000304142_00531,MGYG000303700_00490
pilT,pilT,Twitching mobility protein,MGYG000304142_00456,MGYG000303700_00464
group_87,,hypothetical protein,MGYG000304142_00255,MGYG000303700_00298
prfA,prfA,Peptide chain release factor 1,MGYG000304142_00495,MGYG000303700_00651
group_86,,hypothetical protein,MGYG000304142_00186,MGYG000303700_00228
surA,surA,Chaperone SurA,MGYG000304142_00623,MGYG000303700_00590
group_85,,hypothetical protein,MGYG000304142_00318,MGYG000303700_00324
dnaN,dnaN,Beta sliding clamp,MGYG000304142_00568,MGYG000303700_00529
prfB,prfB,Peptide chain release factor RF2,MGYG000304142_00512,MGYG000303700_00669
dnaJ,dnaJ,Chaperone protein DnaJ,MGYG000304142_00373,MGYG000303700_00379
nrnA,nrnA,Bifunctional oligoribonuclease and PAP phosphatase NrnA,MGYG000304142_00083,MGYG000303700_00125
mshA,mshA,D-inositol-3-phosphate glycosyltransferase,MGYG000304142_00555,MGYG000303700_00514
rssB_1,rssB_1,Regulator of RpoS,MGYG000304142_00139,MGYG000303700_00181
ychF,ychF,Ribosome-binding ATPase YchF,MGYG000304142_00462,MGYG000303700_00470
group_81,,hypothetical protein,MGYG000304142_00350,MGYG000303700_00356
group_80,,hypothetical protein,MGYG000304142_00367,MGYG000303700_00373
group_79,,hypothetical protein,MGYG000304142_00172,MGYG000303700_00214
group_78,,hypothetical protein,MGYG000304142_00645,MGYG000303700_00573
iscS,iscS,Cysteine desulfurase IscS,MGYG000304142_00400,MGYG000303700_00406
aqpZ,aqpZ,Aquaporin Z,MGYG000304142_00254,MGYG000303700_00297
group_77,,hypothetical protein,MGYG000304142_00599,MGYG000303700_00046
csdA,csdA,Cysteine desulfurase CsdA,MGYG000304142_00425,MGYG000303700_00433
group_75,,hypothetical protein,MGYG000304142_00492,MGYG000303700_00648
group_74,,hypothetical protein,MGYG000304142_00361,MGYG000303700_00367
group_72,,hypothetical protein,MGYG000304142_00404,MGYG000303700_00412
murG,murG,UDP-N-acetylglucosamine--N-acetylmuramyl-(pentapeptide) pyrophosphoryl-undecaprenol N-acetylglucosamine transferase,MGYG000304142_00007,MGYG000303700_00060
rlmCD,rlmCD,23S rRNA (uracil-C(5))-methyltransferase RlmCD,MGYG000304142_00202,MGYG000303700_00245
tuf,tuf,Elongation factor Tu,MGYG000304142_00074,MGYG000303700_00117
group_71,,hypothetical protein,MGYG000304142_00418,MGYG000303700_00426
mltG,mltG,Endolytic murein transglycosylase,MGYG000304142_00362,MGYG000303700_00368
sufS,sufS,Cysteine desulfurase SufS,MGYG000304142_00187,MGYG000303700_00229
macB,macB,Macrolide export ATP-binding/permease protein MacB,MGYG000304142_00570,MGYG000303700_00531
btuD,btuD,Vitamin B12 import ATP-binding protein BtuD,MGYG000304142_00560,MGYG000303700_00519
group_70,,hypothetical protein,MGYG000304142_00487,MGYG000303700_00643
group_69,,hypothetical protein,MGYG000304142_00102,MGYG000303700_00144
group_68,,hypothetical protein,MGYG000304142_00077,MGYG000303700_00120
group_67,,hypothetical protein,MGYG000304142_00093,MGYG000303700_00135
epsF,epsF,Type II secretion system protein F,MGYG000304142_00455,MGYG000303700_00463
group_66,,hypothetical protein,MGYG000304142_00416,MGYG000303700_00424
glf,glf,UDP-galactopyranose mutase,MGYG000304142_00557,MGYG000303700_00516
tyrS,tyrS,Tyrosine--tRNA ligase,MGYG000304142_00215,MGYG000303700_00258
resE,resE,Sensor histidine kinase ResE,MGYG000304142_00138,MGYG000303700_00180
pgk,pgk,Phosphoglycerate kinase,MGYG000304142_00408,MGYG000303700_00416
group_65,,hypothetical protein,MGYG000304142_00071,MGYG000303700_00114
tgt,tgt,Queuine tRNA-ribosyltransferase,MGYG000304142_00063,MGYG000303700_00108
group_64,,hypothetical protein,MGYG000304142_00091,MGYG000303700_00133
serS,serS,Serine--tRNA ligase,MGYG000304142_00041,MGYG000303700_00090
group_63,,hypothetical protein,MGYG000304142_00319,MGYG000303700_00325
proS,proS,Proline--tRNA ligase,MGYG000304142_00601,MGYG000303700_00048
hisS,hisS,Histidine--tRNA ligase,MGYG000304142_00344,MGYG000303700_00350
group_62,,hypothetical protein,MGYG000304142_00380,MGYG000303700_00386
ftsA_2,ftsA_2,Cell division protein FtsA,MGYG000304142_00365,MGYG000303700_00371
ackA,ackA,Acetate kinase,MGYG000304142_00062,MGYG000303700_00107
ftsA_1,ftsA_1,Cell division protein FtsA,MGYG000304142_00111,MGYG000303700_00153
mgs,mgs,Alpha-monoglucosyldiacylglycerol synthase,MGYG000304142_00260,MGYG000303700_00303
group_61,,Glycogen synthase,MGYG000304142_00101,MGYG000303700_00143
eno,eno,Enolase,MGYG000304142_00392,MGYG000303700_00398
group_60,,hypothetical protein,MGYG000304142_00169,MGYG000303700_00211
tig,tig,Trigger factor,MGYG000304142_00343,MGYG000303700_00349
murF,murF,UDP-N-acetylmuramoyl-tripeptide--D-alanyl-D-alanine ligase,MGYG000304142_00328,MGYG000303700_00334
murE,murE,UDP-N-acetylmuramoyl-L-alanyl-D-glutamate--26-diaminopimelate ligase,MGYG000304142_00648,MGYG000303700_00576
obg,obg,GTPase Obg,MGYG000304142_00387,MGYG000303700_00393
group_59,,hypothetical protein,MGYG000304142_00423,MGYG000303700_00431
ftsW,ftsW,putative peptidoglycan glycosyltransferase FtsW,MGYG000304142_00006,MGYG000303700_00059
radA,radA,DNA repair protein RadA,MGYG000304142_00219,MGYG000303700_00262
glyQS,glyQS,Glycine--tRNA ligase,MGYG000304142_00311,MGYG000303700_00317
rcsC,rcsC,Sensor histidine kinase RcsC,MGYG000304142_00097,MGYG000303700_00139
secY,secY,Protein translocase subunit SecY,MGYG000304142_00134,MGYG000303700_00176
dnaC,dnaC,Replicative DNA helicase,MGYG000304142_00088,MGYG000303700_00130
ftsZ,ftsZ,Cell division protein FtsZ,MGYG000304142_00110,MGYG000303700_00152
dnaA,dnaA,Chromosomal replication initiator protein DnaA,MGYG000304142_00566,MGYG000303700_00527
alaS,alaS,Alanine--tRNA ligase,MGYG000304142_00397,MGYG000303700_00403
group_57,,hypothetical protein,MGYG000304142_00553,MGYG000303700_00512
gatA,gatA,Glutamyl-tRNA(Gln) amidotransferase subunit A,MGYG000304142_00233,MGYG000303700_00276
group_56,,hypothetical protein,MGYG000304142_00554,MGYG000303700_00513
ttuE,ttuE,Pyruvate kinase,MGYG000304142_00409,MGYG000303700_00417
group_55,,hypothetical protein,MGYG000304142_00334,MGYG000303700_00340
der,der,GTPase Der,MGYG000304142_00178,MGYG000303700_00220
cysS,cysS,Cysteine--tRNA ligase,MGYG000304142_00078,MGYG000303700_00121
group_53,,hypothetical protein,MGYG000304142_00449,MGYG000303700_00457
sbcB,sbcB,Exodeoxyribonuclease I,MGYG000304142_00360,MGYG000303700_00366
group_52,,hypothetical protein,MGYG000304142_00438,MGYG000303700_00446
group_51,,hypothetical protein,MGYG000304142_00070,MGYG000303700_00113
group_50,,hypothetical protein,MGYG000304142_00439,MGYG000303700_00447
relA,relA,GTP pyrophosphokinase,MGYG000304142_00245,MGYG000303700_00288
rny,rny,Ribonuclease Y,MGYG000304142_00529,MGYG000303700_00488
gatB,gatB,Aspartyl/glutamyl-tRNA(Asn/Gln) amidotransferase subunit B,MGYG000304142_00231,MGYG000303700_00274
gltX1,gltX1,Glutamate--tRNA ligase 1,MGYG000304142_00135,MGYG000303700_00177
comM,comM,Competence protein ComM,MGYG000304142_00612,MGYG000303700_00608
lysS,lysS,Lysine--tRNA ligase,MGYG000304142_00663,MGYG000303700_00026
group_49,,hypothetical protein,MGYG000304142_00182,MGYG000303700_00224
group_48,,hypothetical protein,MGYG000304142_00508,MGYG000303700_00665
group_47,,hypothetical protein,MGYG000304142_00691,MGYG000303700_00559
group_46,,hypothetical protein,MGYG000304142_00087,MGYG000303700_00129
metG,metG,Methionine--tRNA ligase,MGYG000304142_00402,MGYG000303700_00408
uvrC,uvrC,UvrABC system protein C,MGYG000304142_00388,MGYG000303700_00394
group_45,,hypothetical protein,MGYG000304142_00499,MGYG000303700_00655
sasA,sasA,Adaptive-response sensory-kinase SasA,MGYG000304142_00136,MGYG000303700_00178
group_44,,hypothetical protein,MGYG000304142_00180,MGYG000303700_00222
ruvB_1,ruvB_1,Holliday junction ATP-dependent DNA helicase RuvB,MGYG000304142_00089,MGYG000303700_00131
pyrG,pyrG,CTP synthase,MGYG000304142_00638,MGYG000303700_00566
group_42,,hypothetical protein,MGYG000304142_00558,MGYG000303700_00517
groL,groL,60 kDa chaperonin,MGYG000304142_00577,MGYG000303700_00538
group_41,,putative protein,MGYG000304142_00347,MGYG000303700_00353
yheS,yheS,putative ABC transporter ATP-binding protein YheS,MGYG000304142_00267,MGYG000303700_00310
group_40,,hypothetical protein,MGYG000304142_00535,MGYG000303700_00494
group_39,,hypothetical protein,MGYG000304142_00181,MGYG000303700_00223
group_38,,hypothetical protein,MGYG000304142_00537,MGYG000303700_00496
murJ,murJ,lipid II flippase MurJ,MGYG000304142_00443,MGYG000303700_00451
group_37,,hypothetical protein,MGYG000304142_00103,MGYG000303700_00145
group_36,,hypothetical protein,MGYG000304142_00163,MGYG000303700_00205
group_35,,hypothetical protein,MGYG000304142_00225,MGYG000303700_00268
lcfB,lcfB,Long-chain-fatty-acid--CoA ligase,MGYG000304142_00352,MGYG000303700_00358
tagU,tagU,Polyisoprenyl-teichoic acid--peptidoglycan teichoic acid transferase TagU,MGYG000304142_00552,MGYG000303700_00511
glgB_1,glgB_1,14-alpha-glucan branching enzyme GlgB,MGYG000304142_00264,MGYG000303700_00307
group_34,,hypothetical protein,MGYG000304142_00664,MGYG000303700_00617
group_33,,hypothetical protein,MGYG000304142_00506,MGYG000303700_00662
xpsE,xpsE,Type II secretion system protein E,MGYG000304142_00457,MGYG000303700_00465
glgP,glgP,Glycogen phosphorylase,MGYG000304142_00204,MGYG000303700_00247
spoVD,spoVD,Stage V sporulation protein D,MGYG000304142_00004,MGYG000303700_00057
infB,infB,Translation initiation factor IF-2,MGYG000304142_00501,MGYG000303700_00657
appA,appA,Oligopeptide-binding protein AppA,MGYG000304142_00391,MGYG000303700_00397
lepA,lepA,Elongation factor 4,MGYG000304142_00442,MGYG000303700_00450
aspS,aspS,Aspartate--tRNA ligase,MGYG000304142_00384,MGYG000303700_00390
thrS,thrS,Threonine--tRNA ligase,MGYG000304142_00682,MGYG000303700_00596
recJ,recJ,Single-stranded-DNA-specific exonuclease RecJ,MGYG000304142_00527,MGYG000303700_00014
typA,typA,GTP-binding protein TypA/BipA,MGYG000304142_00357,MGYG000303700_00363
group_31,,hypothetical protein,MGYG000304142_00574,MGYG000303700_00535
group_29,,hypothetical protein,MGYG000304142_00013,MGYG000303700_00066
dnaK,dnaK,Chaperone protein DnaK,MGYG000304142_00374,MGYG000303700_00380
group_28,,hypothetical protein,MGYG000304142_00620,MGYG000303700_00600
group_27,,hypothetical protein,MGYG000304142_00655,MGYG000303700_00018
group_26,,hypothetical protein,MGYG000304142_00417,MGYG000303700_00425
group_25,,hypothetical protein,MGYG000304142_00045,MGYG000303700_00094
ftsH,ftsH,ATP-dependent zinc metalloprotease FtsH,MGYG000304142_00444,MGYG000303700_00452
pulA,pulA,Pullulanase,MGYG000304142_00203,MGYG000303700_00246
group_22,,hypothetical protein,MGYG000304142_00364,MGYG000303700_00370
group_21,,hypothetical protein,MGYG000304142_00044,MGYG000303700_00093
glgB_2,glgB_2,14-alpha-glucan branching enzyme GlgB,MGYG000304142_00345,MGYG000303700_00351
priA,priA,primosomal protein N',MGYG000304142_00596,MGYG000303700_00041
uvrB,uvrB,UvrABC system protein B,MGYG000304142_00236,MGYG000303700_00279
gyrB,gyrB,DNA gyrase subunit B,MGYG000304142_00608,MGYG000303700_00613
ligA,ligA,DNA ligase,MGYG000304142_00332,MGYG000303700_00338
recG,recG,ATP-dependent DNA helicase RecG,MGYG000304142_00213,MGYG000303700_00256
fusA,fusA,Elongation factor G,MGYG000304142_00188,MGYG000303700_00230
copA,copA,Copper-exporting P-type ATPase,MGYG000304142_00270,MGYG000303700_00313
group_15,,hypothetical protein,MGYG000304142_00415,MGYG000303700_00423
group_14,,hypothetical protein,MGYG000304142_00621,MGYG000303700_00592
pnp,pnp,Polyribonucleotide nucleotidyltransferase,MGYG000304142_00370,MGYG000303700_00376
nrdD,nrdD,Anaerobic ribonucleoside-triphosphate reductase,MGYG000304142_00421,MGYG000303700_00429
pcrA,pcrA,ATP-dependent DNA helicase PcrA,MGYG000304142_00405,MGYG000303700_00413
group_11,,hypothetical protein,MGYG000304142_00591,MGYG000303700_00033
group_10,,hypothetical protein,MGYG000304142_00675,MGYG000303700_00486
ctpE,ctpE,Calcium-transporting ATPase CtpE,MGYG000304142_00329,MGYG000303700_00335
rnj,rnj,Ribonuclease J,MGYG000304142_00528,MGYG000303700_00487
clpX_2,clpX_2,ATP-dependent Clp protease ATP-binding subunit ClpX,MGYG000304142_00434,MGYG000303700_00442
topA,topA,DNA topoisomerase 1,MGYG000304142_00054,MGYG000303700_00102
group_7,,hypothetical protein,MGYG000304142_00396,MGYG000303700_00402
leuS,leuS,Leucine--tRNA ligase,MGYG000304142_00327,MGYG000303700_00333
mgtB,mgtB,Magnesium-transporting ATPase P-type 1,MGYG000304142_00205,MGYG000303700_00248
pepN,pepN,Aminopeptidase N,MGYG000304142_00222,MGYG000303700_00265
pheT,pheT,Phenylalanine--tRNA ligase beta subunit,MGYG000304142_00250,MGYG000303700_00293
polA,polA,DNA polymerase I thermostable,MGYG000304142_00633,MGYG000303700_00581
gyrA,gyrA,DNA gyrase subunit A,MGYG000304142_00607,MGYG000303700_00614
mtgA,mtgA,Biosynthetic peptidoglycan transglycosylase,MGYG000304142_00216,MGYG000303700_00259
uvrA,uvrA,UvrABC system protein A,MGYG000304142_00358,MGYG000303700_00364
group_4,,hypothetical protein,MGYG000304142_00048,MGYG000303700_00098
clpX_1,clpX_1,ATP-dependent Clp protease ATP-binding subunit ClpX,MGYG000304142_00220,MGYG000303700_00263
secA,secA,Protein translocase subunit SecA,MGYG000304142_00038,MGYG000303700_00087
group_2,,hypothetical protein,MGYG000304142_00609,MGYG000303700_00612
ileS2,ileS2,Isoleucine--tRNA ligase 2,MGYG000304142_00372,MGYG000303700_00378
rep,rep,ATP-dependent DNA helicase Rep,MGYG000304142_00095,MGYG000303700_00137
rpoB,rpoB,DNA-directed RNA polymerase subunit beta,MGYG000304142_00208,MGYG000303700_00251
dnaE,dnaE,DNA polymerase III subunit alpha,MGYG000304142_00227,MGYG000303700_00270
rpoC,rpoC,DNA-directed RNA polymerase subunit beta',MGYG000304142_00207,MGYG000303700_00250
group_364,,hypothetical protein,MGYG000304142_00052,
group_363,,hypothetical protein,MGYG000304142_00051,
group_357,,hypothetical protein,MGYG000304142_00029,
group_355,,hypothetical protein,MGYG000304142_00275,
group_348,,hypothetical protein,MGYG000304142_00068,
group_340,,hypothetical protein,MGYG000304142_00276,
group_338,,hypothetical protein,MGYG000304142_00286,
group_336,,hypothetical protein,,MGYG000303700_00053
group_334,,hypothetical protein,MGYG000304142_00279,
group_333,,hypothetical protein,,MGYG000303700_00478
group_332,,hypothetical protein,,MGYG000303700_00034
group_329,,hypothetical protein,MGYG000304142_00274,
group_321,,hypothetical protein,MGYG000304142_00288,
group_316,,hypothetical protein,MGYG000304142_00470,
group_313,,hypothetical protein,MGYG000304142_00042,
group_309,,hypothetical protein,,MGYG000303700_00064
group_308,,hypothetical protein,MGYG000304142_00627,
group_304,,hypothetical protein,,MGYG000303700_00409
group_303,,hypothetical protein,MGYG000304142_00303,
group_302,,hypothetical protein,MGYG000304142_00079,
group_301,,hypothetical protein,MGYG000304142_00008,
group_299,,hypothetical protein,MGYG000304142_00299,
group_298,,hypothetical protein,MGYG000304142_00284,
group_297,,hypothetical protein,MGYG000304142_00060,
group_296,,hypothetical protein,,MGYG000303700_00091
group_293,,hypothetical protein,MGYG000304142_00297,
group_292,,hypothetical protein,MGYG000304142_00295,
group_290,,hypothetical protein,MGYG000304142_00283,
group_289,,hypothetical protein,MGYG000304142_00081,
group_286,,hypothetical protein,MGYG000304142_00292,
group_285,,hypothetical protein,,MGYG000303700_00548
group_284,,hypothetical protein,,MGYG000303700_00035
group_280,,hypothetical protein,MGYG000304142_00300,
group_272,,hypothetical protein,MGYG000304142_00309,
group_269,,hypothetical protein,,MGYG000303700_00410
group_259,,hypothetical protein,MGYG000304142_00307,
group_258,,hypothetical protein,,MGYG000303700_00043
group_257,,hypothetical protein,MGYG000304142_00296,
group_255,,hypothetical protein,MGYG000304142_00308,
group_254,,hypothetical protein,MGYG000304142_00280,
group_253,,hypothetical protein,,MGYG000303700_00122
group_243,,hypothetical protein,MGYG000304142_00298,
group_242,,hypothetical protein,,MGYG000303700_00042
dcd,dcd,dCTP deaminase dUMP-forming,MGYG000304142_00285,
group_237,,hypothetical protein,,MGYG000303700_00123
group_230,,hypothetical protein,MGYG000304142_00282,
group_226,,hypothetical protein,,MGYG000303700_00036
group_225,,hypothetical protein,,MGYG000303700_00173
group_221,,hypothetical protein,MGYG000304142_00056,
group_220,,hypothetical protein,MGYG000304142_00584,
group_218,,hypothetical protein,MGYG000304142_00131,
group_215,,hypothetical protein,MGYG000304142_00302,
group_214,,hypothetical protein,MGYG000304142_00277,
group_211,,hypothetical protein,MGYG000304142_00517,
group_210,,hypothetical protein,,MGYG000303700_00540
group_203,,hypothetical protein,MGYG000304142_00579,
group_197,,hypothetical protein,,MGYG000303700_00096
group_184,,hypothetical protein,MGYG000304142_00293,
group_176,,hypothetical protein,MGYG000304142_00080,
group_163,,hypothetical protein,MGYG000304142_00281,
group_151,,hypothetical protein,MGYG000304142_00291,
group_148,,hypothetical protein,MGYG000304142_00278,
group_143,,hypothetical protein,,MGYG000303700_00111
group_142,,hypothetical protein,,MGYG000303700_00110
group_130,,hypothetical protein,MGYG000304142_00301,
group_129,,hypothetical protein,MGYG000304142_00031,
xerD_1,xerD_1,Tyrosine recombinase XerD,MGYG000304142_00310,
group_112,,hypothetical protein,MGYG000304142_00030,
group_105,,hypothetical protein,MGYG000304142_00069,
group_104,,hypothetical protein,,MGYG000303700_00011
group_100,,hypothetical protein,,MGYG000303700_00016
group_99,,hypothetical protein,MGYG000304142_00287,
group_98,,hypothetical protein,,MGYG000303700_00625
group_91,,hypothetical protein,,MGYG000303700_00621
group_88,,hypothetical protein,MGYG000304142_00518,
group_84,,hypothetical protein,MGYG000304142_00064,
group_83,,hypothetical protein,MGYG000304142_00585,
group_82,,hypothetical protein,,MGYG000303700_00593
lon,lon,Lon protease,,MGYG000303700_00109
group_76,,hypothetical protein,,MGYG000303700_00010
group_73,,hypothetical protein,MGYG000304142_00524,
mdoH,mdoH,Glucans biosynthesis glucosyltransferase H,MGYG000304142_00059,
haeIIIM,haeIIIM,Modification methylase HaeIII,,MGYG000303700_00112
group_58,,hypothetical protein,MGYG000304142_00305,
group_54,,hypothetical protein,MGYG000304142_00306,
group_43,,hypothetical protein,MGYG000304142_00067,
argS,argS,Arginine--tRNA ligase,,MGYG000303700_00562
group_32,,hypothetical protein,MGYG000304142_00289,
group_30,,hypothetical protein,MGYG000304142_00065,
group_24,,hypothetical protein,,MGYG000303700_00663
group_23,,hypothetical protein,MGYG000304142_00665,
group_20,,hypothetical protein,,MGYG000303700_00521
group_19,,hypothetical protein,,MGYG000303700_00602
group_18,,hypothetical protein,,MGYG000303700_00618
group_17,,hypothetical protein,,MGYG000303700_00622
group_16,,hypothetical protein,,MGYG000303700_00546
group_13,,hypothetical protein,,MGYG000303700_00595
group_12,,hypothetical protein,MGYG000304142_00066,
group_9,,hypothetical protein,MGYG000304142_00304,
group_8,,hypothetical protein,,MGYG000303700_00544
group_6,,hypothetical protein,MGYG000304142_00294,
group_5,,hypothetical protein,,MGYG000303700_00547
group_3,,hypothetical protein,,MGYG000303700_00545
group_1,,hypothetical protein,,MGYG000303700_00543
group_0,,hypothetical protein,MGYG000304142_00290,
